{
    "node-red": {
        "name": "node-red",
        "version": "4.1.0",
        "local": false,
        "user": false,
        "nodes": {
            "junction": {
                "name": "junction",
                "types": [
                    "junction"
                ],
                "enabled": true,
                "local": false,
                "user": false,
                "module": "node-red",
                "file": "C:\\Users\\student\\AppData\\Roaming\\npm\\node_modules\\node-red\\node_modules\\@node-red\\nodes\\core\\common\\05-junction.js"
            },
            "inject": {
                "name": "inject",
                "types": [
                    "inject"
                ],
                "enabled": true,
                "local": false,
                "user": false,
                "module": "node-red",
                "file": "C:\\Users\\student\\AppData\\Roaming\\npm\\node_modules\\node-red\\node_modules\\@node-red\\nodes\\core\\common\\20-inject.js"
            },
            "debug": {
                "name": "debug",
                "types": [
                    "debug"
                ],
                "enabled": true,
                "local": false,
                "user": false,
                "module": "node-red",
                "file": "C:\\Users\\student\\AppData\\Roaming\\npm\\node_modules\\node-red\\node_modules\\@node-red\\nodes\\core\\common\\21-debug.js"
            },
            "complete": {
                "name": "complete",
                "types": [
                    "complete"
                ],
                "enabled": true,
                "local": false,
                "user": false,
                "module": "node-red",
                "file": "C:\\Users\\student\\AppData\\Roaming\\npm\\node_modules\\node-red\\node_modules\\@node-red\\nodes\\core\\common\\24-complete.js"
            },
            "catch": {
                "name": "catch",
                "types": [
                    "catch"
                ],
                "enabled": true,
                "local": false,
                "user": false,
                "module": "node-red",
                "file": "C:\\Users\\student\\AppData\\Roaming\\npm\\node_modules\\node-red\\node_modules\\@node-red\\nodes\\core\\common\\25-catch.js"
            },
            "status": {
                "name": "status",
                "types": [
                    "status"
                ],
                "enabled": true,
                "local": false,
                "user": false,
                "module": "node-red",
                "file": "C:\\Users\\student\\AppData\\Roaming\\npm\\node_modules\\node-red\\node_modules\\@node-red\\nodes\\core\\common\\25-status.js"
            },
            "link": {
                "name": "link",
                "types": [
                    "link in",
                    "link out",
                    "link call"
                ],
                "enabled": true,
                "local": false,
                "user": false,
                "module": "node-red",
                "file": "C:\\Users\\student\\AppData\\Roaming\\npm\\node_modules\\node-red\\node_modules\\@node-red\\nodes\\core\\common\\60-link.js"
            },
            "comment": {
                "name": "comment",
                "types": [
                    "comment"
                ],
                "enabled": true,
                "local": false,
                "user": false,
                "module": "node-red",
                "file": "C:\\Users\\student\\AppData\\Roaming\\npm\\node_modules\\node-red\\node_modules\\@node-red\\nodes\\core\\common\\90-comment.js"
            },
            "global-config": {
                "name": "global-config",
                "types": [
                    "global-config"
                ],
                "enabled": true,
                "local": false,
                "user": false,
                "module": "node-red",
                "file": "C:\\Users\\student\\AppData\\Roaming\\npm\\node_modules\\node-red\\node_modules\\@node-red\\nodes\\core\\common\\91-global-config.js"
            },
            "unknown": {
                "name": "unknown",
                "types": [
                    "unknown"
                ],
                "enabled": true,
                "local": false,
                "user": false,
                "module": "node-red",
                "file": "C:\\Users\\student\\AppData\\Roaming\\npm\\node_modules\\node-red\\node_modules\\@node-red\\nodes\\core\\common\\98-unknown.js"
            },
            "function": {
                "name": "function",
                "types": [
                    "function"
                ],
                "enabled": true,
                "local": false,
                "user": false,
                "module": "node-red",
                "file": "C:\\Users\\student\\AppData\\Roaming\\npm\\node_modules\\node-red\\node_modules\\@node-red\\nodes\\core\\function\\10-function.js"
            },
            "switch": {
                "name": "switch",
                "types": [
                    "switch"
                ],
                "enabled": true,
                "local": false,
                "user": false,
                "module": "node-red",
                "file": "C:\\Users\\student\\AppData\\Roaming\\npm\\node_modules\\node-red\\node_modules\\@node-red\\nodes\\core\\function\\10-switch.js"
            },
            "change": {
                "name": "change",
                "types": [
                    "change"
                ],
                "enabled": true,
                "local": false,
                "user": false,
                "module": "node-red",
                "file": "C:\\Users\\student\\AppData\\Roaming\\npm\\node_modules\\node-red\\node_modules\\@node-red\\nodes\\core\\function\\15-change.js"
            },
            "range": {
                "name": "range",
                "types": [
                    "range"
                ],
                "enabled": true,
                "local": false,
                "user": false,
                "module": "node-red",
                "file": "C:\\Users\\student\\AppData\\Roaming\\npm\\node_modules\\node-red\\node_modules\\@node-red\\nodes\\core\\function\\16-range.js"
            },
            "template": {
                "name": "template",
                "types": [
                    "template"
                ],
                "enabled": true,
                "local": false,
                "user": false,
                "module": "node-red",
                "file": "C:\\Users\\student\\AppData\\Roaming\\npm\\node_modules\\node-red\\node_modules\\@node-red\\nodes\\core\\function\\80-template.js"
            },
            "delay": {
                "name": "delay",
                "types": [
                    "delay"
                ],
                "enabled": true,
                "local": false,
                "user": false,
                "module": "node-red",
                "file": "C:\\Users\\student\\AppData\\Roaming\\npm\\node_modules\\node-red\\node_modules\\@node-red\\nodes\\core\\function\\89-delay.js"
            },
            "trigger": {
                "name": "trigger",
                "types": [
                    "trigger"
                ],
                "enabled": true,
                "local": false,
                "user": false,
                "module": "node-red",
                "file": "C:\\Users\\student\\AppData\\Roaming\\npm\\node_modules\\node-red\\node_modules\\@node-red\\nodes\\core\\function\\89-trigger.js"
            },
            "exec": {
                "name": "exec",
                "types": [
                    "exec"
                ],
                "enabled": true,
                "local": false,
                "user": false,
                "module": "node-red",
                "file": "C:\\Users\\student\\AppData\\Roaming\\npm\\node_modules\\node-red\\node_modules\\@node-red\\nodes\\core\\function\\90-exec.js"
            },
            "rbe": {
                "name": "rbe",
                "types": [
                    "rbe"
                ],
                "enabled": true,
                "local": false,
                "user": false,
                "module": "node-red",
                "file": "C:\\Users\\student\\AppData\\Roaming\\npm\\node_modules\\node-red\\node_modules\\@node-red\\nodes\\core\\function\\rbe.js"
            },
            "tls": {
                "name": "tls",
                "types": [
                    "tls-config"
                ],
                "enabled": true,
                "local": false,
                "user": false,
                "module": "node-red",
                "file": "C:\\Users\\student\\AppData\\Roaming\\npm\\node_modules\\node-red\\node_modules\\@node-red\\nodes\\core\\network\\05-tls.js"
            },
            "httpproxy": {
                "name": "httpproxy",
                "types": [
                    "http proxy"
                ],
                "enabled": true,
                "local": false,
                "user": false,
                "module": "node-red",
                "file": "C:\\Users\\student\\AppData\\Roaming\\npm\\node_modules\\node-red\\node_modules\\@node-red\\nodes\\core\\network\\06-httpproxy.js"
            },
            "mqtt": {
                "name": "mqtt",
                "types": [
                    "mqtt in",
                    "mqtt out",
                    "mqtt-broker"
                ],
                "enabled": true,
                "local": false,
                "user": false,
                "module": "node-red",
                "file": "C:\\Users\\student\\AppData\\Roaming\\npm\\node_modules\\node-red\\node_modules\\@node-red\\nodes\\core\\network\\10-mqtt.js"
            },
            "httpin": {
                "name": "httpin",
                "types": [
                    "http in",
                    "http response"
                ],
                "enabled": true,
                "local": false,
                "user": false,
                "module": "node-red",
                "file": "C:\\Users\\student\\AppData\\Roaming\\npm\\node_modules\\node-red\\node_modules\\@node-red\\nodes\\core\\network\\21-httpin.js"
            },
            "httprequest": {
                "name": "httprequest",
                "types": [
                    "http request"
                ],
                "enabled": true,
                "local": false,
                "user": false,
                "module": "node-red",
                "file": "C:\\Users\\student\\AppData\\Roaming\\npm\\node_modules\\node-red\\node_modules\\@node-red\\nodes\\core\\network\\21-httprequest.js"
            },
            "websocket": {
                "name": "websocket",
                "types": [
                    "websocket in",
                    "websocket out",
                    "websocket-listener",
                    "websocket-client"
                ],
                "enabled": true,
                "local": false,
                "user": false,
                "module": "node-red",
                "file": "C:\\Users\\student\\AppData\\Roaming\\npm\\node_modules\\node-red\\node_modules\\@node-red\\nodes\\core\\network\\22-websocket.js"
            },
            "tcpin": {
                "name": "tcpin",
                "types": [
                    "tcp in",
                    "tcp out",
                    "tcp request"
                ],
                "enabled": true,
                "local": false,
                "user": false,
                "module": "node-red",
                "file": "C:\\Users\\student\\AppData\\Roaming\\npm\\node_modules\\node-red\\node_modules\\@node-red\\nodes\\core\\network\\31-tcpin.js"
            },
            "udp": {
                "name": "udp",
                "types": [
                    "udp in",
                    "udp out"
                ],
                "enabled": true,
                "local": false,
                "user": false,
                "module": "node-red",
                "file": "C:\\Users\\student\\AppData\\Roaming\\npm\\node_modules\\node-red\\node_modules\\@node-red\\nodes\\core\\network\\32-udp.js"
            },
            "CSV": {
                "name": "CSV",
                "types": [
                    "csv"
                ],
                "enabled": true,
                "local": false,
                "user": false,
                "module": "node-red",
                "file": "C:\\Users\\student\\AppData\\Roaming\\npm\\node_modules\\node-red\\node_modules\\@node-red\\nodes\\core\\parsers\\70-CSV.js"
            },
            "HTML": {
                "name": "HTML",
                "types": [
                    "html"
                ],
                "enabled": true,
                "local": false,
                "user": false,
                "module": "node-red",
                "file": "C:\\Users\\student\\AppData\\Roaming\\npm\\node_modules\\node-red\\node_modules\\@node-red\\nodes\\core\\parsers\\70-HTML.js"
            },
            "JSON": {
                "name": "JSON",
                "types": [
                    "json"
                ],
                "enabled": true,
                "local": false,
                "user": false,
                "module": "node-red",
                "file": "C:\\Users\\student\\AppData\\Roaming\\npm\\node_modules\\node-red\\node_modules\\@node-red\\nodes\\core\\parsers\\70-JSON.js"
            },
            "XML": {
                "name": "XML",
                "types": [
                    "xml"
                ],
                "enabled": true,
                "local": false,
                "user": false,
                "module": "node-red",
                "file": "C:\\Users\\student\\AppData\\Roaming\\npm\\node_modules\\node-red\\node_modules\\@node-red\\nodes\\core\\parsers\\70-XML.js"
            },
            "YAML": {
                "name": "YAML",
                "types": [
                    "yaml"
                ],
                "enabled": true,
                "local": false,
                "user": false,
                "module": "node-red",
                "file": "C:\\Users\\student\\AppData\\Roaming\\npm\\node_modules\\node-red\\node_modules\\@node-red\\nodes\\core\\parsers\\70-YAML.js"
            },
            "split": {
                "name": "split",
                "types": [
                    "split",
                    "join"
                ],
                "enabled": true,
                "local": false,
                "user": false,
                "module": "node-red",
                "file": "C:\\Users\\student\\AppData\\Roaming\\npm\\node_modules\\node-red\\node_modules\\@node-red\\nodes\\core\\sequence\\17-split.js"
            },
            "sort": {
                "name": "sort",
                "types": [
                    "sort"
                ],
                "enabled": true,
                "local": false,
                "user": false,
                "module": "node-red",
                "file": "C:\\Users\\student\\AppData\\Roaming\\npm\\node_modules\\node-red\\node_modules\\@node-red\\nodes\\core\\sequence\\18-sort.js"
            },
            "batch": {
                "name": "batch",
                "types": [
                    "batch"
                ],
                "enabled": true,
                "local": false,
                "user": false,
                "module": "node-red",
                "file": "C:\\Users\\student\\AppData\\Roaming\\npm\\node_modules\\node-red\\node_modules\\@node-red\\nodes\\core\\sequence\\19-batch.js"
            },
            "file": {
                "name": "file",
                "types": [
                    "file",
                    "file in"
                ],
                "enabled": true,
                "local": false,
                "user": false,
                "module": "node-red",
                "file": "C:\\Users\\student\\AppData\\Roaming\\npm\\node_modules\\node-red\\node_modules\\@node-red\\nodes\\core\\storage\\10-file.js"
            },
            "watch": {
                "name": "watch",
                "types": [
                    "watch"
                ],
                "enabled": true,
                "local": false,
                "user": false,
                "module": "node-red",
                "file": "C:\\Users\\student\\AppData\\Roaming\\npm\\node_modules\\node-red\\node_modules\\@node-red\\nodes\\core\\storage\\23-watch.js"
            }
        }
    },
    "node-red-contrib-jsonpath": {
        "name": "node-red-contrib-jsonpath",
        "version": "0.1.1",
        "local": true,
        "user": true,
        "nodes": {
            "jsonpath": {
                "name": "jsonpath",
                "types": [
                    "jsonpath"
                ],
                "enabled": true,
                "local": true,
                "user": false,
                "module": "node-red-contrib-jsonpath",
                "file": "C:\\Develop\\NodeRED\\venv2025\\node_modules\\node-red-contrib-jsonpath\\jsonpath\\node-red-contrib-jsonpath.js"
            }
        }
    },
    "node-red-contrib-uibuilder": {
        "name": "node-red-contrib-uibuilder",
        "version": "7.4.3",
        "local": true,
        "user": true,
        "nodes": {
            "uibuilder": {
                "name": "uibuilder",
                "types": [
                    "uibuilder"
                ],
                "enabled": true,
                "local": true,
                "user": false,
                "module": "node-red-contrib-uibuilder",
                "file": "C:\\Develop\\NodeRED\\venv2025\\node_modules\\node-red-contrib-uibuilder\\nodes\\uibuilder\\uibuilder.js"
            },
            "uib-cache": {
                "name": "uib-cache",
                "types": [
                    "uib-cache"
                ],
                "enabled": true,
                "local": true,
                "user": false,
                "module": "node-red-contrib-uibuilder",
                "file": "C:\\Develop\\NodeRED\\venv2025\\node_modules\\node-red-contrib-uibuilder\\nodes\\uib-cache\\uib-cache.js"
            },
            "uib-element": {
                "name": "uib-element",
                "types": [
                    "uib-element"
                ],
                "enabled": true,
                "local": true,
                "user": false,
                "module": "node-red-contrib-uibuilder",
                "file": "C:\\Develop\\NodeRED\\venv2025\\node_modules\\node-red-contrib-uibuilder\\nodes\\uib-element\\customNode.js"
            },
            "uib-file-list": {
                "name": "uib-file-list",
                "types": [
                    "uib-file-list"
                ],
                "enabled": true,
                "local": true,
                "user": false,
                "module": "node-red-contrib-uibuilder",
                "file": "C:\\Develop\\NodeRED\\venv2025\\node_modules\\node-red-contrib-uibuilder\\nodes\\uib-file-list\\customNode.js"
            },
            "uib-html": {
                "name": "uib-html",
                "types": [
                    "uib-html"
                ],
                "enabled": true,
                "local": true,
                "user": false,
                "module": "node-red-contrib-uibuilder",
                "file": "C:\\Develop\\NodeRED\\venv2025\\node_modules\\node-red-contrib-uibuilder\\nodes\\uib-html\\customNode.js"
            },
            "uib-save": {
                "name": "uib-save",
                "types": [
                    "uib-save"
                ],
                "enabled": true,
                "local": true,
                "user": false,
                "module": "node-red-contrib-uibuilder",
                "file": "C:\\Develop\\NodeRED\\venv2025\\node_modules\\node-red-contrib-uibuilder\\nodes\\uib-save\\customNode.js"
            },
            "uib-sender": {
                "name": "uib-sender",
                "types": [
                    "uib-sender"
                ],
                "enabled": true,
                "local": true,
                "user": false,
                "module": "node-red-contrib-uibuilder",
                "file": "C:\\Develop\\NodeRED\\venv2025\\node_modules\\node-red-contrib-uibuilder\\nodes\\uib-sender\\uib-sender.js"
            },
            "uib-sidebar": {
                "name": "uib-sidebar",
                "types": [
                    "uib-sidebar"
                ],
                "enabled": true,
                "local": true,
                "user": false,
                "module": "node-red-contrib-uibuilder",
                "file": "C:\\Develop\\NodeRED\\venv2025\\node_modules\\node-red-contrib-uibuilder\\nodes\\uib-sidebar\\customNode.js"
            },
            "uib-tag": {
                "name": "uib-tag",
                "types": [
                    "uib-tag"
                ],
                "enabled": true,
                "local": true,
                "user": false,
                "module": "node-red-contrib-uibuilder",
                "file": "C:\\Develop\\NodeRED\\venv2025\\node_modules\\node-red-contrib-uibuilder\\nodes\\uib-tag\\customNode.js"
            },
            "uib-update": {
                "name": "uib-update",
                "types": [
                    "uib-update"
                ],
                "enabled": true,
                "local": true,
                "user": false,
                "module": "node-red-contrib-uibuilder",
                "file": "C:\\Develop\\NodeRED\\venv2025\\node_modules\\node-red-contrib-uibuilder\\nodes\\uib-update\\customNode.js"
            }
        }
    },
    "@flowfuse/node-red-dashboard": {
        "name": "@flowfuse/node-red-dashboard",
        "version": "1.26.0",
        "local": true,
        "user": true,
        "nodes": {
            "ui-base": {
                "name": "ui-base",
                "types": [
                    "ui-base"
                ],
                "enabled": true,
                "local": true,
                "user": false,
                "module": "@flowfuse/node-red-dashboard",
                "file": "C:\\Develop\\NodeRED\\venv2025\\node_modules\\@flowfuse\\node-red-dashboard\\nodes\\config\\ui_base.js"
            },
            "ui-page": {
                "name": "ui-page",
                "types": [
                    "ui-page"
                ],
                "enabled": true,
                "local": true,
                "user": false,
                "module": "@flowfuse/node-red-dashboard",
                "file": "C:\\Develop\\NodeRED\\venv2025\\node_modules\\@flowfuse\\node-red-dashboard\\nodes\\config\\ui_page.js"
            },
            "ui-link": {
                "name": "ui-link",
                "types": [
                    "ui-link"
                ],
                "enabled": true,
                "local": true,
                "user": false,
                "module": "@flowfuse/node-red-dashboard",
                "file": "C:\\Develop\\NodeRED\\venv2025\\node_modules\\@flowfuse\\node-red-dashboard\\nodes\\config\\ui_link.js"
            },
            "ui-group": {
                "name": "ui-group",
                "types": [
                    "ui-group"
                ],
                "enabled": true,
                "local": true,
                "user": false,
                "module": "@flowfuse/node-red-dashboard",
                "file": "C:\\Develop\\NodeRED\\venv2025\\node_modules\\@flowfuse\\node-red-dashboard\\nodes\\config\\ui_group.js"
            },
            "ui-theme": {
                "name": "ui-theme",
                "types": [
                    "ui-theme"
                ],
                "enabled": true,
                "local": true,
                "user": false,
                "module": "@flowfuse/node-red-dashboard",
                "file": "C:\\Develop\\NodeRED\\venv2025\\node_modules\\@flowfuse\\node-red-dashboard\\nodes\\config\\ui_theme.js"
            },
            "ui-form": {
                "name": "ui-form",
                "types": [
                    "ui-form"
                ],
                "enabled": true,
                "local": true,
                "user": false,
                "module": "@flowfuse/node-red-dashboard",
                "file": "C:\\Develop\\NodeRED\\venv2025\\node_modules\\@flowfuse\\node-red-dashboard\\nodes\\widgets\\ui_form.js"
            },
            "ui-text-input": {
                "name": "ui-text-input",
                "types": [
                    "ui-text-input"
                ],
                "enabled": true,
                "local": true,
                "user": false,
                "module": "@flowfuse/node-red-dashboard",
                "file": "C:\\Develop\\NodeRED\\venv2025\\node_modules\\@flowfuse\\node-red-dashboard\\nodes\\widgets\\ui_text_input.js"
            },
            "ui-number-input": {
                "name": "ui-number-input",
                "types": [
                    "ui-number-input"
                ],
                "enabled": true,
                "local": true,
                "user": false,
                "module": "@flowfuse/node-red-dashboard",
                "file": "C:\\Develop\\NodeRED\\venv2025\\node_modules\\@flowfuse\\node-red-dashboard\\nodes\\widgets\\ui_number_input.js"
            },
            "ui-file-input": {
                "name": "ui-file-input",
                "types": [
                    "ui-file-input"
                ],
                "enabled": true,
                "local": true,
                "user": false,
                "module": "@flowfuse/node-red-dashboard",
                "file": "C:\\Develop\\NodeRED\\venv2025\\node_modules\\@flowfuse\\node-red-dashboard\\nodes\\widgets\\ui_file_input.js"
            },
            "ui-button": {
                "name": "ui-button",
                "types": [
                    "ui-button"
                ],
                "enabled": true,
                "local": true,
                "user": false,
                "module": "@flowfuse/node-red-dashboard",
                "file": "C:\\Develop\\NodeRED\\venv2025\\node_modules\\@flowfuse\\node-red-dashboard\\nodes\\widgets\\ui_button.js"
            },
            "ui-button-group": {
                "name": "ui-button-group",
                "types": [
                    "ui-button-group"
                ],
                "enabled": true,
                "local": true,
                "user": false,
                "module": "@flowfuse/node-red-dashboard",
                "file": "C:\\Develop\\NodeRED\\venv2025\\node_modules\\@flowfuse\\node-red-dashboard\\nodes\\widgets\\ui_button_group.js"
            },
            "ui-dropdown": {
                "name": "ui-dropdown",
                "types": [
                    "ui-dropdown"
                ],
                "enabled": true,
                "local": true,
                "user": false,
                "module": "@flowfuse/node-red-dashboard",
                "file": "C:\\Develop\\NodeRED\\venv2025\\node_modules\\@flowfuse\\node-red-dashboard\\nodes\\widgets\\ui_dropdown.js"
            },
            "ui-radio-group": {
                "name": "ui-radio-group",
                "types": [
                    "ui-radio-group"
                ],
                "enabled": true,
                "local": true,
                "user": false,
                "module": "@flowfuse/node-red-dashboard",
                "file": "C:\\Develop\\NodeRED\\venv2025\\node_modules\\@flowfuse\\node-red-dashboard\\nodes\\widgets\\ui_radio_group.js"
            },
            "ui-slider": {
                "name": "ui-slider",
                "types": [
                    "ui-slider"
                ],
                "enabled": true,
                "local": true,
                "user": false,
                "module": "@flowfuse/node-red-dashboard",
                "file": "C:\\Develop\\NodeRED\\venv2025\\node_modules\\@flowfuse\\node-red-dashboard\\nodes\\widgets\\ui_slider.js"
            },
            "ui-spacer": {
                "name": "ui-spacer",
                "types": [
                    "ui-spacer"
                ],
                "enabled": true,
                "local": true,
                "user": false,
                "module": "@flowfuse/node-red-dashboard",
                "file": "C:\\Develop\\NodeRED\\venv2025\\node_modules\\@flowfuse\\node-red-dashboard\\nodes\\widgets\\ui_spacer.js"
            },
            "ui-switch": {
                "name": "ui-switch",
                "types": [
                    "ui-switch"
                ],
                "enabled": true,
                "local": true,
                "user": false,
                "module": "@flowfuse/node-red-dashboard",
                "file": "C:\\Develop\\NodeRED\\venv2025\\node_modules\\@flowfuse\\node-red-dashboard\\nodes\\widgets\\ui_switch.js"
            },
            "ui-text": {
                "name": "ui-text",
                "types": [
                    "ui-text"
                ],
                "enabled": true,
                "local": true,
                "user": false,
                "module": "@flowfuse/node-red-dashboard",
                "file": "C:\\Develop\\NodeRED\\venv2025\\node_modules\\@flowfuse\\node-red-dashboard\\nodes\\widgets\\ui_text.js"
            },
            "ui-table": {
                "name": "ui-table",
                "types": [
                    "ui-table"
                ],
                "enabled": true,
                "local": true,
                "user": false,
                "module": "@flowfuse/node-red-dashboard",
                "file": "C:\\Develop\\NodeRED\\venv2025\\node_modules\\@flowfuse\\node-red-dashboard\\nodes\\widgets\\ui_table.js"
            },
            "ui-chart": {
                "name": "ui-chart",
                "types": [
                    "ui-chart"
                ],
                "enabled": true,
                "local": true,
                "user": false,
                "module": "@flowfuse/node-red-dashboard",
                "file": "C:\\Develop\\NodeRED\\venv2025\\node_modules\\@flowfuse\\node-red-dashboard\\nodes\\widgets\\ui_chart.js"
            },
            "ui-gauge": {
                "name": "ui-gauge",
                "types": [
                    "ui-gauge"
                ],
                "enabled": true,
                "local": true,
                "user": false,
                "module": "@flowfuse/node-red-dashboard",
                "file": "C:\\Develop\\NodeRED\\venv2025\\node_modules\\@flowfuse\\node-red-dashboard\\nodes\\widgets\\ui_gauge.js"
            },
            "ui-notification": {
                "name": "ui-notification",
                "types": [
                    "ui-notification"
                ],
                "enabled": true,
                "local": true,
                "user": false,
                "module": "@flowfuse/node-red-dashboard",
                "file": "C:\\Develop\\NodeRED\\venv2025\\node_modules\\@flowfuse\\node-red-dashboard\\nodes\\widgets\\ui_notification.js"
            },
            "ui-audio": {
                "name": "ui-audio",
                "types": [
                    "ui-audio"
                ],
                "enabled": true,
                "local": true,
                "user": false,
                "module": "@flowfuse/node-red-dashboard",
                "file": "C:\\Develop\\NodeRED\\venv2025\\node_modules\\@flowfuse\\node-red-dashboard\\nodes\\widgets\\ui_audio.js"
            },
            "ui-markdown": {
                "name": "ui-markdown",
                "types": [
                    "ui-markdown"
                ],
                "enabled": true,
                "local": true,
                "user": false,
                "module": "@flowfuse/node-red-dashboard",
                "file": "C:\\Develop\\NodeRED\\venv2025\\node_modules\\@flowfuse\\node-red-dashboard\\nodes\\widgets\\ui_markdown.js"
            },
            "ui-template": {
                "name": "ui-template",
                "types": [
                    "ui-template"
                ],
                "enabled": true,
                "local": true,
                "user": false,
                "module": "@flowfuse/node-red-dashboard",
                "file": "C:\\Develop\\NodeRED\\venv2025\\node_modules\\@flowfuse\\node-red-dashboard\\nodes\\widgets\\ui_template.js"
            },
            "ui-event": {
                "name": "ui-event",
                "types": [
                    "ui-event"
                ],
                "enabled": true,
                "local": true,
                "user": false,
                "module": "@flowfuse/node-red-dashboard",
                "file": "C:\\Develop\\NodeRED\\venv2025\\node_modules\\@flowfuse\\node-red-dashboard\\nodes\\widgets\\ui_event.js"
            },
            "ui-control": {
                "name": "ui-control",
                "types": [
                    "ui-control"
                ],
                "enabled": true,
                "local": true,
                "user": false,
                "module": "@flowfuse/node-red-dashboard",
                "file": "C:\\Develop\\NodeRED\\venv2025\\node_modules\\@flowfuse\\node-red-dashboard\\nodes\\widgets\\ui_control.js"
            },
            "ui-progress": {
                "name": "ui-progress",
                "types": [
                    "ui-progress"
                ],
                "enabled": true,
                "local": true,
                "user": false,
                "module": "@flowfuse/node-red-dashboard",
                "file": "C:\\Develop\\NodeRED\\venv2025\\node_modules\\@flowfuse\\node-red-dashboard\\nodes\\widgets\\ui_progress.js"
            }
        }
    },
    "node-red-contrib-esphome": {
        "name": "node-red-contrib-esphome",
        "version": "0.2.9",
        "local": true,
        "user": true,
        "nodes": {
            "api": {
                "name": "api",
                "types": [],
                "enabled": true,
                "local": true,
                "user": false,
                "module": "node-red-contrib-esphome",
                "file": "C:\\Develop\\NodeRED\\venv2025\\node_modules\\node-red-contrib-esphome\\build\\nodes\\api.js"
            },
            "device": {
                "name": "device",
                "types": [
                    "esphome-device"
                ],
                "enabled": true,
                "local": true,
                "user": false,
                "module": "node-red-contrib-esphome",
                "file": "C:\\Develop\\NodeRED\\venv2025\\node_modules\\node-red-contrib-esphome\\build\\nodes\\device.js"
            },
            "in": {
                "name": "in",
                "types": [
                    "esphome-in"
                ],
                "enabled": true,
                "local": true,
                "user": false,
                "module": "node-red-contrib-esphome",
                "file": "C:\\Develop\\NodeRED\\venv2025\\node_modules\\node-red-contrib-esphome\\build\\nodes\\in.js"
            },
            "out": {
                "name": "out",
                "types": [
                    "esphome-out"
                ],
                "enabled": true,
                "local": true,
                "user": false,
                "module": "node-red-contrib-esphome",
                "file": "C:\\Develop\\NodeRED\\venv2025\\node_modules\\node-red-contrib-esphome\\build\\nodes\\out.js"
            }
        }
    }
}