[
    {
        "id": "1ab4820fcd390c23",
        "type": "tab",
        "label": "流程2",
        "disabled": false,
        "info": "",
        "env": []
    },
    {
        "id": "bd3ae3b5ab5567d5",
        "type": "tab",
        "label": "流程1",
        "disabled": false,
        "info": "",
        "env": []
    },
    {
        "id": "699c5211ce9f0275",
        "type": "tab",
        "label": "Flow 1",
        "disabled": false,
        "info": "",
        "env": []
    },
    {
        "id": "acc935dfdbdd3633",
        "type": "tab",
        "label": "Flow 2",
        "disabled": false,
        "info": "",
        "env": []
    },
    {
        "id": "38aba4e71d5cdde1",
        "type": "tab",
        "label": "Flow 3",
        "disabled": false,
        "info": "",
        "env": []
    },
    {
        "id": "7ce3aeea50175438",
        "type": "tab",
        "label": "Flow 4",
        "disabled": false,
        "info": "",
        "env": []
    },
    {
        "id": "c7996f360402b35c",
        "type": "ui-base",
        "name": "My Dashboard",
        "path": "/dashboard",
        "appIcon": "",
        "includeClientData": true,
        "acceptsClientConfig": [
            "ui-notification",
            "ui-control"
        ],
        "showPathInSidebar": false,
        "headerContent": "page",
        "navigationStyle": "default",
        "titleBarStyle": "default",
        "showReconnectNotification": true,
        "notificationDisplayTime": 1,
        "showDisconnectNotification": true,
        "allowInstall": true
    },
    {
        "id": "8be94fee07783836",
        "type": "ui-theme",
        "name": "Default Theme",
        "colors": {
            "surface": "#ffffff",
            "primary": "#0094CE",
            "bgPage": "#eeeeee",
            "groupBg": "#ffffff",
            "groupOutline": "#cccccc"
        },
        "sizes": {
            "density": "default",
            "pagePadding": "12px",
            "groupGap": "12px",
            "groupBorderRadius": "4px",
            "widgetGap": "12px"
        }
    },
    {
        "id": "e29191654fe35b19",
        "type": "ui-page",
        "name": "Page 1",
        "ui": "c7996f360402b35c",
        "path": "/page1",
        "icon": "home",
        "layout": "grid",
        "theme": "8be94fee07783836",
        "breakpoints": [
            {
                "name": "Default",
                "px": 0,
                "cols": 3
            },
            {
                "name": "Tablet",
                "px": 576,
                "cols": 6
            },
            {
                "name": "Small Desktop",
                "px": 768,
                "cols": 9
            },
            {
                "name": "Desktop",
                "px": 1024,
                "cols": 12
            }
        ],
        "order": 1,
        "className": "",
        "visible": "true",
        "disabled": "false"
    },
    {
        "id": "dfaae76e68324666",
        "type": "mqtt-broker",
        "name": "MQTTGO",
        "broker": "MQTTGO",
        "port": 1883,
        "clientid": "",
        "autoConnect": true,
        "usetls": false,
        "protocolVersion": 4,
        "keepalive": 60,
        "cleansession": true,
        "autoUnsubscribe": true,
        "birthTopic": "",
        "birthQos": "0",
        "birthRetain": "false",
        "birthPayload": "",
        "birthMsg": {},
        "closeTopic": "",
        "closeQos": "0",
        "closeRetain": "false",
        "closePayload": "",
        "closeMsg": {},
        "willTopic": "",
        "willQos": "0",
        "willRetain": "false",
        "willPayload": "",
        "willMsg": {},
        "userProps": "",
        "sessionExpiry": ""
    },
    {
        "id": "1be850ad0e9194dd",
        "type": "ui-group",
        "name": "Group Name",
        "page": "e29191654fe35b19",
        "width": 6,
        "height": 1,
        "order": 1,
        "showTitle": true,
        "className": "",
        "visible": "true",
        "disabled": "false",
        "groupType": "default"
    },
    {
        "id": "mqtt-broker-config",
        "type": "mqtt-broker",
        "name": "MQTT Broker",
        "broker": "localhost",
        "port": "1883",
        "clientid": "",
        "autoConnect": true,
        "usetls": false,
        "protocolVersion": "4",
        "keepalive": "60",
        "cleansession": true,
        "birthTopic": "",
        "birthQos": "0",
        "birthPayload": "",
        "closeTopic": "",
        "closeQos": "0",
        "closePayload": "",
        "willTopic": "",
        "willQos": "0",
        "willPayload": ""
    },
    {
        "id": "87dd02f3669a67fb",
        "type": "esphome-device",
        "name": "esp32s00",
        "host": "192.168.137.131",
        "port": 6053,
        "reconnect": 15,
        "loglevel": "0",
        "logdump": false,
        "ble": false
    },
    {
        "id": "9017128c95dff76d",
        "type": "esphome-in",
        "z": "1ab4820fcd390c23",
        "name": "HC-SR04",
        "device": "87dd02f3669a67fb",
        "entity": "2353390012",
        "topic": "Distance",
        "bleaddress": "",
        "x": 240,
        "y": 220,
        "wires": [
            []
        ]
    },
    {
        "id": "ad1412b2114306cd",
        "type": "ui-switch",
        "z": "1ab4820fcd390c23",
        "name": "LED Strip",
        "label": "switch",
        "group": "1be850ad0e9194dd",
        "order": 0,
        "width": 0,
        "height": 0,
        "passthru": false,
        "decouple": false,
        "topic": "topic",
        "topicType": "msg",
        "style": "",
        "className": "",
        "layout": "row-spread",
        "clickableArea": "switch",
        "onvalue": "true",
        "onvalueType": "bool",
        "onicon": "",
        "oncolor": "",
        "offvalue": "false",
        "offvalueType": "bool",
        "officon": "",
        "offcolor": "",
        "x": 240,
        "y": 460,
        "wires": [
            [
                "4a91747b03d21251",
                "53ab641dcd17a2ad"
            ]
        ]
    },
    {
        "id": "d142927d1405ed05",
        "type": "esphome-out",
        "z": "1ab4820fcd390c23",
        "name": "LED",
        "device": "87dd02f3669a67fb",
        "entity": "3394541406",
        "x": 1050,
        "y": 300,
        "wires": []
    },
    {
        "id": "4a91747b03d21251",
        "type": "switch",
        "z": "1ab4820fcd390c23",
        "name": "",
        "property": "payload",
        "propertyType": "msg",
        "rules": [
            {
                "t": "eq",
                "v": "true",
                "vt": "jsonata"
            },
            {
                "t": "eq",
                "v": "false",
                "vt": "jsonata"
            }
        ],
        "checkall": "true",
        "repair": false,
        "outputs": 2,
        "x": 490,
        "y": 360,
        "wires": [
            [
                "65db7f7bcdf8aea9"
            ],
            [
                "86caa9234f1f32e3"
            ]
        ]
    },
    {
        "id": "53ab641dcd17a2ad",
        "type": "debug",
        "z": "1ab4820fcd390c23",
        "name": "debug 3",
        "active": true,
        "tosidebar": true,
        "console": false,
        "tostatus": false,
        "complete": "false",
        "statusVal": "",
        "statusType": "auto",
        "x": 1040,
        "y": 460,
        "wires": []
    },
    {
        "id": "65db7f7bcdf8aea9",
        "type": "change",
        "z": "1ab4820fcd390c23",
        "name": "",
        "rules": [
            {
                "t": "set",
                "p": "payload",
                "pt": "msg",
                "to": "{\"id\":\"light-colorful_led_strip\",\"state\":\"OFF\",\"effect\":\"None\",\"color_mode\":\"rgb\",\"brightness\":255,\"color\":{\"r\":255,\"g\":255,\"b\":255}}",
                "tot": "json"
            }
        ],
        "action": "",
        "property": "",
        "from": "",
        "to": "",
        "reg": false,
        "x": 710,
        "y": 300,
        "wires": [
            [
                "53ab641dcd17a2ad",
                "d142927d1405ed05"
            ]
        ]
    },
    {
        "id": "86caa9234f1f32e3",
        "type": "change",
        "z": "1ab4820fcd390c23",
        "name": "",
        "rules": [
            {
                "t": "set",
                "p": "payload",
                "pt": "msg",
                "to": "{\"id\":\"light-colorful_led_strip\",\"state\":\"ON\",\"effect\":\"Color Wipe\",\"color_mode\":\"rgb\",\"brightness\":45,\"color\":{\"r\":255,\"g\":255,\"b\":255}}",
                "tot": "json"
            }
        ],
        "action": "",
        "property": "",
        "from": "",
        "to": "",
        "reg": false,
        "x": 710,
        "y": 380,
        "wires": [
            [
                "d142927d1405ed05",
                "53ab641dcd17a2ad"
            ]
        ]
    },
    {
        "id": "790eb4b3bc45f769",
        "type": "inject",
        "z": "bd3ae3b5ab5567d5",
        "name": "",
        "props": [
            {
                "p": "payload"
            }
        ],
        "repeat": "",
        "crontab": "",
        "once": false,
        "onceDelay": 0.1,
        "topic": "",
        "payload": "iso",
        "payloadType": "date",
        "x": 170,
        "y": 200,
        "wires": [
            [
                "8d4dcc29572d92ef",
                "4e3d7436f32a5795"
            ]
        ]
    },
    {
        "id": "8d4dcc29572d92ef",
        "type": "debug",
        "z": "bd3ae3b5ab5567d5",
        "name": "debug 1",
        "active": true,
        "tosidebar": true,
        "console": false,
        "tostatus": false,
        "complete": "false",
        "statusVal": "",
        "statusType": "auto",
        "x": 660,
        "y": 200,
        "wires": []
    },
    {
        "id": "4e3d7436f32a5795",
        "type": "change",
        "z": "bd3ae3b5ab5567d5",
        "name": "",
        "rules": [
            {
                "t": "set",
                "p": "payload",
                "pt": "msg",
                "to": "payload/1000",
                "tot": "msg"
            }
        ],
        "action": "",
        "property": "",
        "from": "",
        "to": "",
        "reg": false,
        "x": 430,
        "y": 280,
        "wires": [
            [
                "8d4dcc29572d92ef"
            ]
        ]
    },
    {
        "id": "58ffae9d.a7005",
        "type": "debug",
        "z": "bd3ae3b5ab5567d5",
        "name": "",
        "active": true,
        "tosidebar": true,
        "console": false,
        "tostatus": false,
        "complete": "payload",
        "targetType": "msg",
        "statusVal": "",
        "statusType": "auto",
        "x": 650,
        "y": 720,
        "wires": []
    },
    {
        "id": "17626462.e89d9c",
        "type": "inject",
        "z": "bd3ae3b5ab5567d5",
        "name": "",
        "props": [
            {
                "p": "payload"
            },
            {
                "p": "topic",
                "vt": "str"
            }
        ],
        "repeat": "",
        "crontab": "",
        "once": false,
        "onceDelay": "",
        "topic": "",
        "payload": "object",
        "payloadType": "date",
        "x": 260,
        "y": 480,
        "wires": [
            [
                "2921667d.d6de9a",
                "58ffae9d.a7005"
            ]
        ]
    },
    {
        "id": "2921667d.d6de9a",
        "type": "function",
        "z": "bd3ae3b5ab5567d5",
        "name": "Format timestamp",
        "func": "// Create a Date object from the payload\nvar date = new Date(msg.payload);\n// Change the payload to be a formatted Date string\nmsg.payload = date.toString();\n// Return the message so it can be sent on\nreturn msg;",
        "outputs": 1,
        "timeout": "",
        "noerr": 0,
        "initialize": "",
        "finalize": "",
        "libs": [],
        "x": 450,
        "y": 480,
        "wires": [
            [
                "58ffae9d.a7005"
            ]
        ]
    },
    {
        "id": "e36406f2.8ef798",
        "type": "inject",
        "z": "699c5211ce9f0275",
        "name": "",
        "repeat": "300",
        "crontab": "",
        "once": false,
        "topic": "",
        "payload": "",
        "payloadType": "str",
        "x": 220,
        "y": 200,
        "wires": [
            [
                "c3c50023.3bbed"
            ]
        ]
    },
    {
        "id": "c3c50023.3bbed",
        "type": "http request",
        "z": "699c5211ce9f0275",
        "name": "Recent Quakes",
        "method": "GET",
        "url": "https://earthquake.usgs.gov/earthquakes/feed/v1.0/summary/significant_month.csv",
        "tls": "",
        "x": 390,
        "y": 200,
        "wires": [
            [
                "8afc6cac.e0812"
            ]
        ]
    },
    {
        "id": "8afc6cac.e0812",
        "type": "csv",
        "z": "699c5211ce9f0275",
        "name": "",
        "sep": ",",
        "hdrin": true,
        "hdrout": "",
        "multi": "one",
        "ret": "\\n",
        "temp": "",
        "x": 560,
        "y": 200,
        "wires": [
            [
                "44779781.4190f8",
                "6f0eb546.9e208c"
            ]
        ]
    },
    {
        "id": "44779781.4190f8",
        "type": "debug",
        "z": "699c5211ce9f0275",
        "name": "",
        "active": true,
        "complete": false,
        "x": 720,
        "y": 200,
        "wires": []
    },
    {
        "id": "6f0eb546.9e208c",
        "type": "switch",
        "z": "699c5211ce9f0275",
        "name": "",
        "property": "payload.mag",
        "propertyType": "msg",
        "rules": [
            {
                "t": "gte",
                "v": "7",
                "vt": "num"
            }
        ],
        "checkall": "true",
        "outputs": 1,
        "x": 600,
        "y": 260,
        "wires": [
            [
                "d78d4aa8.8c8208"
            ]
        ]
    },
    {
        "id": "d78d4aa8.8c8208",
        "type": "change",
        "z": "699c5211ce9f0275",
        "name": "",
        "rules": [
            {
                "t": "set",
                "p": "payload",
                "pt": "msg",
                "to": "PANIC!",
                "tot": "str"
            }
        ],
        "action": "",
        "property": "",
        "from": "",
        "to": "",
        "reg": false,
        "x": 740,
        "y": 320,
        "wires": [
            [
                "72fddece.fac0d"
            ]
        ]
    },
    {
        "id": "72fddece.fac0d",
        "type": "debug",
        "z": "699c5211ce9f0275",
        "name": "",
        "active": true,
        "complete": false,
        "x": 840,
        "y": 260,
        "wires": []
    },
    {
        "id": "096d6d01ca8d9b37",
        "type": "mqtt in",
        "z": "acc935dfdbdd3633",
        "name": "",
        "topic": "mcuiot/999",
        "qos": "0",
        "datatype": "auto-detect",
        "broker": "dfaae76e68324666",
        "nl": false,
        "rap": true,
        "rh": 0,
        "inputs": 0,
        "x": 260,
        "y": 260,
        "wires": [
            [
                "02f817c3fed2326e"
            ]
        ]
    },
    {
        "id": "02f817c3fed2326e",
        "type": "ui-text",
        "z": "acc935dfdbdd3633",
        "group": "1be850ad0e9194dd",
        "order": 2,
        "width": 0,
        "height": 0,
        "name": "",
        "label": "text",
        "format": "{{msg.payload}}",
        "layout": "row-spread",
        "style": false,
        "font": "",
        "fontSize": 16,
        "color": "#717171",
        "wrapText": false,
        "className": "",
        "x": 510,
        "y": 260,
        "wires": []
    },
    {
        "id": "7641f4c4757f1696",
        "type": "ui-text-input",
        "z": "38aba4e71d5cdde1",
        "group": "1be850ad0e9194dd",
        "name": "",
        "label": "送出什麼",
        "order": 1,
        "width": 0,
        "height": 0,
        "topic": "topic",
        "topicType": "msg",
        "mode": "text",
        "tooltip": "",
        "delay": 300,
        "passthru": true,
        "sendOnDelay": false,
        "sendOnBlur": true,
        "sendOnEnter": true,
        "className": "",
        "clearable": false,
        "sendOnClear": false,
        "icon": "",
        "iconPosition": "left",
        "iconInnerPosition": "inside",
        "x": 380,
        "y": 220,
        "wires": [
            [
                "5a2b5ce3c44a5b68"
            ]
        ]
    },
    {
        "id": "5a2b5ce3c44a5b68",
        "type": "mqtt out",
        "z": "38aba4e71d5cdde1",
        "name": "",
        "topic": "mcuiot/999/nr-out",
        "qos": "",
        "retain": "",
        "respTopic": "",
        "contentType": "",
        "userProps": "",
        "correl": "",
        "expiry": "",
        "broker": "dfaae76e68324666",
        "x": 670,
        "y": 220,
        "wires": []
    },
    {
        "id": "d84145d64d9af218",
        "type": "ui-gauge",
        "z": "7ce3aeea50175438",
        "name": "",
        "group": "1be850ad0e9194dd",
        "order": 0,
        "value": "payload",
        "valueType": "msg",
        "width": 3,
        "height": 3,
        "gtype": "gauge-half",
        "gstyle": "needle",
        "title": "gauge",
        "alwaysShowTitle": false,
        "floatingTitlePosition": "top-left",
        "units": "units",
        "icon": "",
        "prefix": "",
        "suffix": "",
        "segments": [
            {
                "from": "0",
                "color": "#5cd65c",
                "text": "",
                "textType": "label"
            },
            {
                "from": "4",
                "color": "#ffc800",
                "text": "",
                "textType": "label"
            },
            {
                "from": "7",
                "color": "#ea5353",
                "text": "",
                "textType": "label"
            }
        ],
        "min": 0,
        "max": 10,
        "sizeThickness": 16,
        "sizeGap": 4,
        "sizeKeyThickness": 8,
        "styleRounded": true,
        "styleGlow": false,
        "className": "",
        "x": 630,
        "y": 200,
        "wires": [
            []
        ]
    },
    {
        "id": "7ef38a8b1925a954",
        "type": "inject",
        "z": "7ce3aeea50175438",
        "name": "",
        "props": [
            {
                "p": "payload"
            },
            {
                "p": "topic",
                "vt": "str"
            }
        ],
        "repeat": "",
        "crontab": "",
        "once": false,
        "onceDelay": 0.1,
        "topic": "123",
        "payload": "",
        "payloadType": "date",
        "x": 120,
        "y": 200,
        "wires": [
            [
                "45d8994b3b1a81dc"
            ]
        ]
    },
    {
        "id": "45d8994b3b1a81dc",
        "type": "change",
        "z": "7ce3aeea50175438",
        "name": "",
        "rules": [
            {
                "t": "set",
                "p": "payload",
                "pt": "msg",
                "to": "100",
                "tot": "str"
            }
        ],
        "action": "",
        "property": "",
        "from": "",
        "to": "",
        "reg": false,
        "x": 360,
        "y": 200,
        "wires": [
            [
                "d84145d64d9af218"
            ]
        ]
    },
    {
        "id": "f539a940678b450e",
        "type": "inject",
        "z": "7ce3aeea50175438",
        "name": "",
        "props": [
            {
                "p": "payload"
            },
            {
                "p": "topic",
                "vt": "str"
            }
        ],
        "repeat": "",
        "crontab": "",
        "once": false,
        "onceDelay": 0.1,
        "topic": "",
        "payload": "",
        "payloadType": "date",
        "x": 120,
        "y": 420,
        "wires": [
            [
                "1f1c5b6248c5638d"
            ]
        ]
    },
    {
        "id": "1f1c5b6248c5638d",
        "type": "http request",
        "z": "7ce3aeea50175438",
        "name": "",
        "method": "GET",
        "ret": "txt",
        "paytoqs": "ignore",
        "url": "https://wic.heo.taipei/OpenData/API/Water/Get?stationNo=&loginId=river&dataKey=9E2648AA",
        "tls": "",
        "persist": false,
        "proxy": "",
        "insecureHTTPParser": false,
        "authType": "",
        "senderr": false,
        "headers": [],
        "x": 330,
        "y": 420,
        "wires": [
            [
                "cad8229fc27618e3"
            ]
        ]
    },
    {
        "id": "cad8229fc27618e3",
        "type": "json",
        "z": "7ce3aeea50175438",
        "name": "",
        "property": "payload",
        "action": "",
        "pretty": false,
        "x": 490,
        "y": 420,
        "wires": [
            [
                "e25d0861d3db3648"
            ]
        ]
    },
    {
        "id": "e25d0861d3db3648",
        "type": "jsonpath",
        "z": "7ce3aeea50175438",
        "expression": "$.data[?(@.stationNo==\"029\")]",
        "split": true,
        "name": "",
        "x": 670,
        "y": 420,
        "wires": [
            [
                "1b8e4ab40342b149"
            ]
        ]
    },
    {
        "id": "1b8e4ab40342b149",
        "type": "debug",
        "z": "7ce3aeea50175438",
        "name": "debug 2",
        "active": true,
        "tosidebar": true,
        "console": false,
        "tostatus": false,
        "complete": "payload",
        "targetType": "msg",
        "statusVal": "",
        "statusType": "auto",
        "x": 900,
        "y": 420,
        "wires": []
    }
]